time/time_elapsed,time/total_timesteps,time/iterations,time/fps,train/n_updates,train/policy_gradient_loss,train/value_loss,rollout/ep_len_mean,train/clip_fraction,train/std,train/learning_rate,rollout/ep_rew_mean,train/clip_range,train/loss,train/explained_variance,train/approx_kl,train/entropy_loss
0,2048,1,5549,,,,,,,,,,,,,
2,4096,2,1862,5,-0.0030248723342083395,1.3436235785484314,300.0,0.03232421875,0.36785584688186646,0.0002,241.999179625,0.2,0.49649980664253235,0.03451824188232422,0.004146841,-25.971473026275635
3,6144,3,1563,10,-0.0028413651511073113,0.08253503646701574,300.0,0.03046875,0.3678692877292633,0.0002,244.473817375,0.2,0.0242887232452631,-0.4366799592971802,0.0037894575,-25.970623683929443
5,8192,4,1448,15,-0.00214931124355644,0.03728159246966243,300.0,0.01796875,0.367882639169693,0.0002,238.72594983333332,0.2,0.000938203651458025,-1.8931925296783447,0.0028737972,-25.973323154449464
7,10240,5,1364,20,-0.0023151253117248416,0.02726868335157633,300.0,0.026953125,0.3679167330265045,0.0002,236.95755496875,0.2,0.0012725619599223137,-0.3807864189147949,0.0017027706,-25.977242088317873
9,12288,6,1322,25,-0.001345811947248876,0.018870014790445568,300.0,0.01923828125,0.36790773272514343,0.0002,235.97488535000002,0.2,-0.0005885655991733074,0.2626553177833557,0.0042467513,-25.9801944732666
11,14336,7,1300,30,-0.0019690470304340123,0.017895409697666766,300.0,0.0337890625,0.36789876222610474,0.0002,235.97488535000002,0.2,-0.0008759968914091587,0.2540518641471863,0.0014514719,-25.977395820617676
12,16384,8,1276,35,-0.002327026752755046,0.01627149381674826,300.0,0.0115234375,0.36783573031425476,0.0002,234.23783254166665,0.2,0.004833653103560209,0.4367222785949707,0.0035594385,-25.97317428588867
14,18432,9,1267,40,-0.0025172364665195348,0.012194525310769677,300.0,0.01494140625,0.36779889464378357,0.0002,233.4465729285714,0.2,-0.004548895172774792,0.008149921894073486,0.0029180285,-25.962081718444825
16,20480,10,1254,45,-0.002435344667173922,0.009756975597701967,300.0,0.01484375,0.3679104447364807,0.0002,230.9805464375,0.2,-0.00626382464542985,0.4504706859588623,0.0044738054,-25.966464900970458
18,22528,11,1240,50,-0.0017862642300315202,0.009544390183873475,300.0,0.0048828125,0.36791324615478516,0.0002,230.75541688888885,0.2,0.00025646877475082874,0.37186336517333984,0.002406397,-25.980357074737547
19,24576,12,1233,55,-0.0021484791301190852,0.009046396892517804,300.0,0.01201171875,0.36774101853370667,0.0002,228.99525350000005,0.2,0.001997914630919695,0.28024303913116455,0.001927795,-25.96849670410156
21,26624,13,1228,60,-0.0029467860935255886,0.008894746424630284,300.0,0.02421875,0.36767786741256714,0.0002,228.5925826477273,0.2,-0.001272678840905428,0.41997063159942627,0.0018072437,-25.941125202178956
23,28672,14,1221,65,-0.0020204269560053943,0.008607705356553197,300.0,0.02978515625,0.3676193356513977,0.0002,228.5925826477273,0.2,-0.0007508792914450169,0.4405463933944702,0.0072440864,-25.935377979278563
25,30720,15,1217,70,-0.0031640784349292518,0.010290347505360842,300.0,0.03349609375,0.36754631996154785,0.0002,229.84949434375002,0.2,-0.006514562759548426,0.47590172290802,0.0033473815,-25.922604846954346
27,32768,16,1211,75,-0.002156499167904258,0.0075261554215103384,300.0,0.01796875,0.3674620985984802,0.0002,229.89000009000003,0.2,0.0008444595150649548,0.11861485242843628,0.0038640436,-25.910295391082762
28,34816,17,1209,80,-0.002634327858686447,0.009095011395402253,300.0,0.02451171875,0.3675563931465149,0.0002,229.07730200000003,0.2,-0.003401816124096513,0.5175056457519531,0.00167777,-25.907011604309083
30,36864,18,1206,85,-0.003877233690582216,0.007873121090233326,300.0,0.03505859375,0.3675307631492615,0.0002,227.42479096999995,0.2,-0.0038663032464683056,0.5992710590362549,0.0032854746,-25.92000455856323
32,38912,19,1205,90,-0.0031585714779794214,0.0072068967390805485,300.0,0.0220703125,0.36746302247047424,0.0002,227.47730335,0.2,-0.006226366385817528,0.4900399446487427,0.0040889233,-25.907433795928956
34,40960,20,1203,95,-0.0038237775675952434,0.006541998009197414,300.0,0.033203125,0.36746925115585327,0.0002,227.03653701999997,0.2,-0.006716633215546608,0.4910544157028198,0.006147467,-25.901847267150877
35,43008,21,1201,100,-0.002896225219592452,0.006307413359172643,300.0,0.05458984375,0.3675006926059723,0.0002,227.03653701999997,0.2,0.0061823525466024876,0.30929118394851685,0.007050748,-25.90503568649292
37,45056,22,1199,105,-0.0028351553482934833,0.0057004684349521995,300.0,0.04384765625,0.3674947917461395,0.0002,227.98331935000002,0.2,0.011429251171648502,0.3496675491333008,0.006673175,-25.908646965026854
39,47104,23,1198,110,-0.002217382728122175,0.006901574437506497,300.0,0.03515625,0.3674510717391968,0.0002,226.87213296000002,0.2,-0.0017082574777305126,0.33040183782577515,0.003135565,-25.90320587158203
41,49152,24,1197,115,-0.0021633576368913056,0.005133132426999509,300.0,0.0046875,0.3674715757369995,0.0002,227.34703301000002,0.2,-0.0023389109410345554,0.4365032911300659,0.0023323244,-25.900511932373046
42,51200,25,1196,120,-0.003055655537173152,0.006723590171895921,300.0,0.05166015625,0.3675002455711365,0.0002,226.93098037999997,0.2,-0.002349387388676405,0.45553475618362427,0.0055974917,-25.90598669052124
44,53248,26,1196,125,-0.003885664022527635,0.007167542260140181,300.0,0.0431640625,0.36749330163002014,0.0002,227.60765378,0.2,-0.0017989962361752987,0.3781396746635437,0.004462873,-25.90736026763916
46,55296,27,1194,130,-0.002877709618769586,0.0059832603670656685,300.0,0.0576171875,0.36756983399391174,0.0002,229.31759286,0.2,-0.007967768236994743,0.4386047124862671,0.010681919,-25.911828231811523
48,57344,28,1192,135,-0.0013141970965079963,0.004935844242572785,300.0,0.07353515625,0.367584228515625,0.0002,229.31759286,0.2,-0.00032866746187210083,0.47626739740371704,0.008738635,-25.92190170288086
49,59392,29,1189,140,-0.0026160831796005366,0.00874121526721865,300.0,0.03837890625,0.36762353777885437,0.0002,229.23992319999994,0.2,-0.004595890641212463,0.5351043343544006,0.0047641722,-25.92315502166748
51,61440,30,1187,145,-0.003178596030920744,0.00626804621424526,300.0,0.083203125,0.36767223477363586,0.0002,228.46025903,0.2,0.007146827876567841,0.4101927876472473,0.00984773,-25.93259754180908
53,63488,31,1185,150,-0.002994676399976015,0.009277683263644577,300.0,0.0634765625,0.36774173378944397,0.0002,227.60896357000001,0.2,-0.005149171222001314,0.5042824149131775,0.005598838,-25.942169189453125
55,65536,32,1183,155,-0.003345867875032127,0.008434025663882494,300.0,0.06552734375,0.36776188015937805,0.0002,228.83938674,0.2,-0.0046556079760193825,0.5752053260803223,0.0075675095,-25.950721073150635
57,67584,33,1182,160,-0.00016950208228081465,0.006477386108599603,300.0,0.1080078125,0.36778366565704346,0.0002,230.32148085999998,0.2,-0.002409252803772688,0.6071563363075256,0.010176283,-25.95255002975464
58,69632,34,1182,165,-0.005446306290104985,0.0056213138857856395,300.0,0.07333984375,0.36781156063079834,0.0002,230.67207470000002,0.2,-0.007034890353679657,0.5205001831054688,0.007132668,-25.957888507843016
60,71680,35,1182,170,-0.004116045730188489,0.005226325104013085,300.0,0.04130859375,0.36778128147125244,0.0002,230.67207470000002,0.2,-0.0004899203777313232,0.47032052278518677,0.0047167903,-25.957495403289794
62,73728,36,1181,175,-0.0030006151646375656,0.006318650487810373,300.0,0.0455078125,0.36780810356140137,0.0002,230.8547414,0.2,-0.0021461902651935816,0.4983968138694763,0.005202157,-25.955520725250246
64,75776,37,1181,180,-0.0035972681595012545,0.007197161205112934,300.0,0.06435546875,0.36783769726753235,0.0002,230.16993648999997,0.2,-0.003944795578718185,0.5038728713989258,0.006214269,-25.96137399673462
65,77824,38,1180,185,-0.002023422461934388,0.008681126637384295,300.0,0.05263671875,0.3676907420158386,0.0002,230.12075288000003,0.2,-0.004460254218429327,0.5568023920059204,0.0025653867,-25.954572868347167
67,79872,39,1179,190,-0.00217410804471001,0.011913419282063843,300.0,0.0341796875,0.3675636053085327,0.0002,230.52410125999998,0.2,0.0031464542262256145,0.6261485815048218,0.0037759314,-25.92532730102539
69,81920,40,1179,195,-0.0024783039931207894,0.011500902799889445,300.0,0.04853515625,0.3674888014793396,0.0002,230.22309555,0.2,0.0011110161431133747,0.6035919189453125,0.0034376464,-25.911295795440672
71,83968,41,1178,200,-0.0039095082087442275,0.005747885163873434,300.0,0.08125,0.3673913776874542,0.0002,230.22309555,0.2,-0.009990419261157513,0.4161894917488098,0.007138015,-25.896776008605958
73,86016,42,1178,205,-0.003280626004561782,0.007658867072314024,300.0,0.033203125,0.3673423230648041,0.0002,230.16645848999997,0.2,-0.0029867743141949177,0.5515080690383911,0.0070360657,-25.882937145233154
74,88064,43,1178,210,-0.0028592123417183757,0.009340052166953683,300.0,0.02294921875,0.3673652410507202,0.0002,230.13551776000003,0.2,-0.0024410956539213657,0.505145788192749,0.0034628096,-25.880571269989012
76,90112,44,1176,215,-0.0030455495230853557,0.009065027767792343,300.0,0.0359375,0.3673665523529053,0.0002,229.12407061,0.2,0.0008352445438504219,0.5735548734664917,0.0045845076,-25.883964347839356
78,92160,45,1174,220,-0.00444628931581974,0.008007213310338556,300.0,0.05546875,0.36739787459373474,0.0002,228.40595886,0.2,-0.0013406965881586075,0.4705352783203125,0.0045576245,-25.884321880340575
80,94208,46,1172,225,-0.003576612682081759,0.005913098668679595,300.0,0.04833984375,0.3674834668636322,0.0002,227.60515122999996,0.2,-0.005806975997984409,0.5549930334091187,0.006997886,-25.89371109008789
82,96256,47,1171,230,-0.0008489494444802404,0.004838952235877514,300.0,0.0373046875,0.3675537109375,0.0002,226.92728311999997,0.2,-0.008127200417220592,0.5678266882896423,0.007188106,-25.909811592102052
83,98304,48,1170,235,-0.0035111907636746764,0.006161179579794407,300.0,0.0291015625,0.36757829785346985,0.0002,226.92728311999997,0.2,-0.0015597310848534107,0.4963284730911255,0.0056640776,-25.916864490509035
85,100352,49,1170,240,-0.0027872920967638493,0.009601808502338827,300.0,0.02607421875,0.3675817549228668,0.0002,226.22424311999998,0.2,-0.0037734024226665497,0.5137611627578735,0.0045692646,-25.91915283203125
87,102400,50,1168,245,-0.0039709307020530105,0.0070220798719674345,300.0,0.05771484375,0.3675486147403717,0.0002,226.07646226,0.2,-0.005520402919501066,0.5071948766708374,0.0034202477,-25.91759910583496
89,104448,51,1167,250,-0.001182088628411293,0.009230167046189309,300.0,0.075,0.36746856570243835,0.0002,226.91071912999996,0.2,-0.004587938077747822,0.5713716745376587,0.005235208,-25.908449268341066
91,106496,52,1167,255,-0.003919314895756543,0.009321958059445024,300.0,0.08447265625,0.36747077107429504,0.0002,226.19680326000002,0.2,-0.00316010694950819,0.6120513081550598,0.004234394,-25.89853525161743
92,108544,53,1168,260,-0.0025090930284932256,0.008036545966751874,300.0,0.06875,0.3674655556678772,0.0002,228.44897359000004,0.2,3.703683614730835e-05,0.61060631275177,0.00450942,-25.90163164138794
94,110592,54,1168,265,-0.0024275848059915005,0.008486083196476101,300.0,0.0482421875,0.3674064874649048,0.0002,228.43092182,0.2,-0.0004906775429844856,0.5978233218193054,0.0077112587,-25.895308113098146
96,112640,55,1168,270,-0.0059676856035366654,0.007185555924661457,300.0,0.07255859375,0.36743292212486267,0.0002,228.43092182,0.2,-0.0007196045480668545,0.5404493808746338,0.009762887,-25.890631484985352
98,114688,56,1168,275,-0.003964457660913467,0.008902216516435146,300.0,0.044140625,0.36739057302474976,0.0002,228.86503392000003,0.2,0.0014890688471496105,0.5680415630340576,0.0062234784,-25.892502212524413
99,116736,57,1168,280,-0.004286141833290458,0.009131604945287109,300.0,0.051171875,0.36740750074386597,0.0002,228.57960327,0.2,-0.007470978889614344,0.5912618041038513,0.0058591585,-25.886288547515868
101,118784,58,1168,285,-0.0020377570763230324,0.007701750751584769,300.0,0.03564453125,0.36744821071624756,0.0002,228.37193886000006,0.2,-0.0015217391774058342,0.5454146862030029,0.0046608215,-25.894532871246337
103,120832,59,1168,290,-0.003279487090185285,0.0073535598814487456,300.0,0.044140625,0.367467999458313,0.0002,228.84510653,0.2,-0.00043143052607774734,0.5114538669586182,0.004462057,-25.897993946075438
105,122880,60,1168,295,-0.002044891892001033,0.007709569344297051,300.0,0.03740234375,0.36755722761154175,0.0002,228.53263896,0.2,0.0033584926277399063,0.644603967666626,0.0061108693,-25.905716609954833
106,124928,61,1169,300,-0.002713074639905244,0.007736314064823091,300.0,0.02744140625,0.3675455152988434,0.0002,228.54934345,0.2,-0.0045318519696593285,0.6413388252258301,0.0054607866,-25.914948844909667
108,126976,62,1170,305,-0.0020416487939655783,0.00627942259889096,300.0,0.0478515625,0.3674553334712982,0.0002,228.54934345,0.2,-0.007769117131829262,0.5635240077972412,0.0074581793,-25.905279445648194
110,129024,63,1172,310,-0.0027677722042426466,0.009632148686796427,300.0,0.09853515625,0.3674466907978058,0.0002,228.84682858999997,0.2,-0.004395490512251854,0.5425512790679932,0.009018846,-25.894573879241943
111,131072,64,1175,315,-0.005606962973251939,0.006682840315625072,300.0,0.0376953125,0.3674715757369995,0.0002,229.75526833,0.2,-0.011019516736268997,0.49036604166030884,0.0062139537,-25.897999572753907
112,133120,65,1178,320,-0.0037175953853875398,0.006409818679094315,300.0,0.05146484375,0.3674620985984802,0.0002,229.15725684,0.2,-0.0033612078987061977,0.4704000949859619,0.0031791911,-25.900151538848878
114,135168,66,1180,325,-0.0033060208428651095,0.007703025476075709,300.0,0.04677734375,0.3675301969051361,0.0002,229.23481363999997,0.2,-0.005359445698559284,0.544842004776001,0.0068592452,-25.903060722351075
115,137216,67,1183,330,-0.0037919672089628876,0.0069790591020137075,300.0,0.0287109375,0.36741411685943604,0.0002,229.03105299000003,0.2,0.003396660555154085,0.5961159467697144,0.00487293,-25.904036712646484
117,139264,68,1186,335,-0.003937313740607351,0.00509462933987379,300.0,0.03251953125,0.36725229024887085,0.0002,230.44498489,0.2,-0.005776596255600452,0.5405899286270142,0.0050499244,-25.874995136260985
118,141312,69,1188,340,-0.002889890596270561,0.003922735922969878,300.0,0.0609375,0.3671756088733673,0.0002,230.44498489,0.2,-0.010271971113979816,0.26161032915115356,0.0050160363,-25.85498962402344
120,143360,70,1191,345,-0.0028793976991437374,0.004390863853041082,300.0,0.0212890625,0.3671279549598694,0.0002,229.91150166999995,0.2,0.004184090066701174,0.42513507604599,0.0052357195,-25.845092010498046
121,145408,71,1193,350,-0.004144936252851039,0.005883808364160359,300.0,0.033984375,0.36713045835494995,0.0002,230.02338770000003,0.2,-0.003102439921349287,0.5878094434738159,0.0051409043,-25.840369987487794
123,147456,72,1196,355,-0.003054784541018307,0.006466427817940712,300.0,0.030078125,0.3671742081642151,0.0002,230.77221681000003,0.2,-0.0002012047916650772,0.5858945846557617,0.005522741,-25.84514150619507
124,149504,73,1198,360,-0.0027427005814388396,0.00867708136793226,300.0,0.03291015625,0.3672631084918976,0.0002,230.75160964999998,0.2,-0.0010804207995533943,0.5042864084243774,0.003595356,-25.85399627685547
126,151552,74,1200,365,-0.002216721809236333,0.005384917696937918,300.0,0.0541015625,0.3672841787338257,0.0002,231.40173489999998,0.2,-0.0042688800022006035,0.48682814836502075,0.009023167,-25.866402339935302
127,153600,75,1202,370,-0.0027932699071243406,0.004746778565458953,300.0,0.03271484375,0.3673991858959198,0.0002,231.1009164,0.2,-0.003606177866458893,0.599140465259552,0.004587074,-25.872782611846922
129,155648,76,1204,375,-0.004365241108462215,0.007311363890767098,300.0,0.03544921875,0.36744144558906555,0.0002,231.1009164,0.2,-0.0060767317190766335,0.5129411220550537,0.0052260333,-25.891628551483155
130,157696,77,1207,380,-0.0034283589106053115,0.006153335538692772,300.0,0.01826171875,0.3673248589038849,0.0002,232.22469399,0.2,-0.0024364558048546314,0.5127639770507812,0.0035569943,-25.883812522888185
132,159744,78,1208,385,-0.005363366310484707,0.005981884244829416,300.0,0.046875,0.3673391044139862,0.0002,232.41895329000002,0.2,-0.009493754245340824,0.6281542778015137,0.007042841,-25.87192258834839
133,161792,79,1210,390,-0.00214630716945976,0.006530748354271055,300.0,0.0572265625,0.3673895597457886,0.0002,231.56978692999996,0.2,-0.0009911630768328905,0.6579331159591675,0.0034648434,-25.879390144348143
135,163840,80,1212,395,-0.0018882771953940391,0.007989585702307522,300.0,0.04208984375,0.36748459935188293,0.0002,231.73713383000003,0.2,-0.004214960616081953,0.5925922989845276,0.0035112393,-25.890245532989503
136,165888,81,1214,400,-0.004474098375067115,0.006705154455266893,300.0,0.087890625,0.3674868643283844,0.0002,230.80157631999995,0.2,-0.008667195215821266,0.539141058921814,0.0117280595,-25.901362133026122
138,167936,82,1216,405,-0.002727180696092546,0.005272966669872403,300.0,0.05654296875,0.3673853576183319,0.0002,230.80157631999995,0.2,-0.002492767758667469,0.6310096979141235,0.0042941533,-25.892881870269775
139,169984,83,1217,410,-0.00397428791038692,0.004536524030845613,300.0,0.0490234375,0.36737340688705444,0.0002,230.47061119999995,0.2,-0.005679288879036903,0.5881640315055847,0.0038191949,-25.88028049468994
141,172032,84,1219,415,-0.0013491748948581516,0.005787870776839554,300.0,0.05859375,0.3673499822616577,0.0002,228.85103242999998,0.2,0.0034798840060830116,0.6184661388397217,0.0065998975,-25.879532241821288
142,174080,85,1221,420,-0.0034991657827049493,0.007690285355783999,300.0,0.0169921875,0.36732348799705505,0.0002,229.11231047,0.2,0.00215996615588665,0.5996377468109131,0.0039969822,-25.87455530166626
144,176128,86,1222,425,-0.0028619624208658934,0.005275645013898611,300.0,0.048046875,0.3673449158668518,0.0002,227.42782029000006,0.2,-0.0055722505785524845,0.6671735048294067,0.0051357616,-25.87264919281006
145,178176,87,1224,430,-0.0019000061322003603,0.006204542191699147,300.0,0.0853515625,0.367320716381073,0.0002,228.27097576999998,0.2,0.0004689544439315796,0.5829144716262817,0.006819634,-25.87393455505371
147,180224,88,1225,435,-0.004162225592881441,0.005841478263027966,300.0,0.045703125,0.36741307377815247,0.0002,227.89745630999997,0.2,0.0022298842668533325,0.5370909571647644,0.0057851067,-25.875218677520753
148,182272,89,1227,440,-0.002434718795120716,0.004704053094610572,300.0,0.05576171875,0.36747074127197266,0.0002,227.89745630999997,0.2,-0.012377176433801651,0.39077574014663696,0.009037139,-25.891969394683837
149,184320,90,1228,445,-0.0033885854529216884,0.0052770153619349,300.0,0.0619140625,0.36737677454948425,0.0002,227.75024828999997,0.2,-0.0062159886583685875,0.47321224212646484,0.006405405,-25.89040288925171
151,186368,91,1230,450,-0.0020753803197294473,0.006545743299648165,300.0,0.057421875,0.36737847328186035,0.0002,227.36559714000003,0.2,-0.005449650343507528,0.5736128091812134,0.007993961,-25.877662467956544
152,188416,92,1232,455,-0.001888734521344304,0.005133491498418153,300.0,0.05947265625,0.3673798441886902,0.0002,228.04639217,0.2,0.0005048243328928947,0.5612480640411377,0.0062987064,-25.88141498565674
154,190464,93,1233,460,-0.0031682693399488924,0.00715423331130296,300.0,0.0310546875,0.3673931956291199,0.0002,228.71727965000005,0.2,-0.0044044493697583675,0.4510512351989746,0.0030125142,-25.881024646759034
155,192512,94,1234,465,-0.00512493567657657,0.007303568348288536,300.0,0.04013671875,0.3673458993434906,0.0002,228.00061388000003,0.2,-0.0023163720034062862,0.5746791362762451,0.006145247,-25.88011226654053
157,194560,95,1236,470,-0.004245060891844332,0.0070359373930841684,300.0,0.0521484375,0.3673267364501953,0.0002,229.99221718,0.2,-0.012114357203245163,0.5795861482620239,0.0066827135,-25.872463130950926
158,196608,96,1237,475,-0.003599187219515443,0.007104757660999894,300.0,0.0595703125,0.3672875463962555,0.0002,229.99221718,0.2,-0.0011081346310675144,0.6293590068817139,0.0052169957,-25.8697566986084
160,198656,97,1238,480,-0.0030559465987607835,0.009649599809199572,300.0,0.03935546875,0.36729106307029724,0.0002,228.81769074,0.2,-0.007611759006977081,0.5685971975326538,0.0031649184,-25.86447868347168
161,200704,98,1240,485,-0.0032457515597343447,0.0039082884904928505,300.0,0.05859375,0.36728066205978394,0.0002,230.42056707999996,0.2,-0.004789840430021286,0.639748215675354,0.005624376,-25.86595573425293
163,202752,99,1241,490,-0.005430613388307392,0.00554605252109468,300.0,0.07685546875,0.3672654628753662,0.0002,230.75123558999996,0.2,-0.01165895164012909,0.5575305223464966,0.008681223,-25.862406253814697
164,204800,100,1243,495,-0.0042797233909368515,0.008771617454476655,300.0,0.04140625,0.36716246604919434,0.0002,231.32239646,0.2,-0.0025196224451065063,0.5766463875770569,0.0052495277,-25.85442981719971
166,206848,101,1244,500,-0.0034419423434883358,0.010957026714459061,300.0,0.0341796875,0.3671092391014099,0.0002,231.57764295999996,0.2,-0.0028368625789880753,0.6403968334197998,0.0050132014,-25.836822414398192
167,208896,102,1244,505,-0.0036934964824467897,0.010870846221223474,300.0,0.04619140625,0.36706286668777466,0.0002,230.20511574,0.2,0.0013114120811223984,0.65330970287323,0.006800422,-25.831898784637453
169,210944,103,1244,510,-0.003839894477277994,0.009968000557273626,300.0,0.06484375,0.36696457862854004,0.0002,230.20511574,0.2,-0.003082644660025835,0.6202762722969055,0.005142385,-25.818615913391113
171,212992,104,1245,515,-0.001431312714703381,0.004753235960379243,300.0,0.03876953125,0.36688342690467834,0.0002,231.0217458,0.2,-0.0045509375631809235,0.5304890871047974,0.0056359237,-25.80345516204834
172,215040,105,1246,520,-0.0030417070840485392,0.007263881247490644,300.0,0.0447265625,0.36680203676223755,0.0002,230.10746514999994,0.2,0.0023375193122774363,0.6357358694076538,0.0047977665,-25.789552879333495
174,217088,106,1247,525,-0.005517535470426082,0.005135256354697049,300.0,0.05302734375,0.3667425215244293,0.0002,229.99362787,0.2,-0.003720121458172798,0.5925936698913574,0.007145592,-25.777397537231444
175,219136,107,1247,530,-0.003272324614226818,0.006079720612615347,300.0,0.07978515625,0.36666783690452576,0.0002,230.58981756,0.2,0.006964400410652161,0.4702649712562561,0.009444596,-25.765872287750245
177,221184,108,1248,535,-0.0012404728680849076,0.005822872114367783,300.0,0.07529296875,0.3665506839752197,0.0002,230.34035717000003,0.2,0.00440945103764534,0.593776524066925,0.004338441,-25.75111083984375
178,223232,109,1249,540,-0.004912049334961921,0.007047242322005332,300.0,0.07646484375,0.3665279150009155,0.0002,231.11082354,0.2,-0.0022972554434090853,0.5799746513366699,0.008884394,-25.73572473526001
180,225280,110,1250,545,-0.002838438446633518,0.009752711094915868,300.0,0.04111328125,0.3666103780269623,0.0002,231.11082354,0.2,0.0034132772125303745,0.4303462505340576,0.0038737757,-25.742598819732667
181,227328,111,1250,550,-0.004690431617200374,0.008083295030519366,300.0,0.04111328125,0.36649027466773987,0.0002,230.50190476000003,0.2,-0.012016130611300468,0.5699176788330078,0.0050727082,-25.74314680099487
183,229376,112,1251,555,-0.0025817062938585877,0.008363269432447851,300.0,0.06396484375,0.3663593530654907,0.0002,231.11924130000003,0.2,-0.0029464573599398136,0.6551598310470581,0.009556575,-25.71772708892822
184,231424,113,1251,560,-0.005402578017674386,0.007008516322821378,300.0,0.0966796875,0.3663319945335388,0.0002,231.08582408999996,0.2,-0.00042817648500204086,0.6256457567214966,0.012441108,-25.703430366516113
186,233472,114,1252,565,-0.00417476452421397,0.007386915362440049,300.0,0.052734375,0.366325318813324,0.0002,231.18784962000007,0.2,-0.004851945210248232,0.6530194878578186,0.0029149011,-25.702017974853515
187,235520,115,1252,570,-0.005163812264800072,0.008192648645490408,300.0,0.04345703125,0.36624300479888916,0.0002,230.68542169000003,0.2,-0.009231967851519585,0.6239075660705566,0.0056780083,-25.6965030670166
189,237568,116,1253,575,-0.0031452182563953103,0.0069663860136643056,300.0,0.04951171875,0.3662237524986267,0.0002,230.68542169000003,0.2,0.005564448889344931,0.6633120775222778,0.0067140763,-25.684181785583498
191,239616,117,1254,580,-0.005154334101825952,0.007885052124038339,300.0,0.053125,0.3662418723106384,0.0002,232.41031936,0.2,0.004308601841330528,0.5544713139533997,0.005762089,-25.686023902893066
192,241664,118,1254,585,-0.003834505612030625,0.006215288629755377,300.0,0.015625,0.36620354652404785,0.0002,233.03723463999998,0.2,-0.0036029170732945204,0.6532321572303772,0.00296184,-25.685027599334717
194,243712,119,1255,590,-0.003912539547309279,0.0056827254593372345,300.0,0.06689453125,0.36613139510154724,0.0002,233.05228258,0.2,-0.0033583620097488165,0.5678117871284485,0.0067862063,-25.67539758682251
195,245760,120,1256,595,-0.0017616492230445146,0.006810056115500629,300.0,0.047265625,0.3660871386528015,0.0002,232.44627067000002,0.2,-0.007256572600454092,0.5578274726867676,0.0065311147,-25.66421995162964
197,247808,121,1256,600,-0.00386049416847527,0.0058802584884688255,300.0,0.04130859375,0.36611855030059814,0.0002,231.80756514,0.2,-0.005940118804574013,0.5426375865936279,0.008141361,-25.66232261657715
198,249856,122,1257,605,-0.0013361512450501324,0.0059366608038544655,300.0,0.08359375,0.36609286069869995,0.0002,231.84651487,0.2,-0.013029121793806553,0.5453896522521973,0.0097322175,-25.665127182006835
200,251904,123,1257,610,-0.0008977892575785518,0.004973501572385431,300.0,0.1685546875,0.3660167455673218,0.0002,231.84651487,0.2,-0.004021763801574707,0.49571043252944946,0.014417287,-25.654889583587646
201,253952,124,1257,615,-0.00171708045527339,0.005499983229674399,300.0,0.0734375,0.366007000207901,0.0002,231.94758561000003,0.2,-0.004852763377130032,0.5626957416534424,0.005093362,-25.646717643737794
203,256000,125,1257,620,-0.0009064855519682169,0.007382353418506682,300.0,0.13974609375,0.36599141359329224,0.0002,232.16743668999996,0.2,0.003261938225477934,0.5461341142654419,0.019922402,-25.64564275741577
205,258048,126,1257,625,-0.002233823644928634,0.006367602339014411,300.0,0.11982421875,0.3660145699977875,0.0002,232.14488966000002,0.2,-0.007817577570676804,0.5566208362579346,0.008366359,-25.645243167877197
206,260096,127,1256,630,-0.002071529091335833,0.007644310500472784,300.0,0.06591796875,0.36606457829475403,0.0002,230.80349281000002,0.2,-0.008188476786017418,0.5730468034744263,0.0050113793,-25.6513352394104
208,262144,128,1254,635,-0.005123978154733777,0.010596919246017933,300.0,0.0716796875,0.36608022451400757,0.0002,229.91952844999997,0.2,-0.00959225557744503,0.5844922065734863,0.008984382,-25.657721042633057
210,264192,129,1255,640,-0.006558750988915563,0.009004208259284496,300.0,0.09521484375,0.3660464584827423,0.0002,229.93393686000002,0.2,-0.007065219804644585,0.5399025678634644,0.006303654,-25.656228256225585
212,266240,130,1255,645,-0.004117041197605431,0.005974690988659858,300.0,0.112890625,0.3660525679588318,0.0002,229.93393686000002,0.2,-0.007894745096564293,0.5874464511871338,0.013391025,-25.651714706420897
213,268288,131,1255,650,-0.005984150664880871,0.006645810790359974,300.0,0.0740234375,0.3660581111907959,0.0002,229.38096862000003,0.2,-0.009378916583955288,0.5255089402198792,0.009425502,-25.65469331741333
215,270336,132,1255,655,-0.006454176758415997,0.006489554652944207,300.0,0.05732421875,0.3660414516925812,0.0002,230.55483169000001,0.2,-0.007822583429515362,0.5684729814529419,0.0054538767,-25.6535683631897
216,272384,133,1256,660,-0.005419399868696928,0.010177533328533172,300.0,0.06220703125,0.3659563362598419,0.0002,230.09855633000004,0.2,-0.006912609096616507,0.5864133834838867,0.011185636,-25.646907806396484
218,274432,134,1256,665,-0.0027005078038200734,0.010248787514865399,300.0,0.0572265625,0.36594465374946594,0.0002,230.16389826000005,0.2,0.0014415765181183815,0.621901273727417,0.006418105,-25.635172176361085
219,276480,135,1257,670,-0.0019894871744327246,0.009655398689210415,300.0,0.08408203125,0.36596599221229553,0.0002,231.51890592999996,0.2,0.004746424034237862,0.5867798328399658,0.01361596,-25.635925674438475
221,278528,136,1257,675,-0.004861525888554752,0.006989416596479714,300.0,0.06552734375,0.36597514152526855,0.0002,232.38850632,0.2,-0.004107333719730377,0.5501643419265747,0.0101797385,-25.63909969329834
222,280576,137,1258,680,-0.0037793029099702836,0.004540215386077762,300.0,0.10732421875,0.3659607470035553,0.0002,232.38850632,0.2,-0.002267167204990983,0.52373206615448,0.012883245,-25.63908967971802
224,282624,138,1259,685,0.001405150769278407,0.005269872373901308,300.0,0.116796875,0.3659299910068512,0.0002,231.27347367000004,0.2,-0.005575346294790506,0.5229940414428711,0.0041402085,-25.634010982513427
225,284672,139,1259,690,-0.00522931523155421,0.005574335134588182,300.0,0.10791015625,0.36584755778312683,0.0002,230.60874871999997,0.2,-0.006412562448531389,0.6175609827041626,0.009149331,-25.625172519683836
227,286720,140,1262,694,0.0006708047585561872,0.005480817024363205,300.0,0.138916015625,0.3658062815666199,0.0002,231.09663733999997,0.2,0.004493734799325466,0.599479615688324,0.019404123,-25.61279308795929
228,288768,141,1262,699,-0.005953050404787064,0.0063394893193617465,300.0,0.1119140625,0.3657171130180359,0.0002,231.94415195,0.2,-0.01634690910577774,0.5986937284469604,0.0072658295,-25.603891563415527
230,290816,142,1262,704,-0.004427596856839955,0.0075286794919520615,300.0,0.08427734375,0.3656723201274872,0.0002,233.18449628,0.2,-0.006718682590872049,0.6574958562850952,0.0057720207,-25.58977928161621
231,292864,143,1263,709,-0.006321917311288417,0.005393722443841398,300.0,0.075390625,0.36569520831108093,0.0002,234.81596270999998,0.2,-0.0033964728936553,0.6017192006111145,0.006621755,-25.58839921951294
233,294912,144,1263,714,-0.0037357848370447753,0.006199679849669337,300.0,0.0986328125,0.3656543791294098,0.0002,234.81596270999998,0.2,0.0057840971276164055,0.5875861644744873,0.00998209,-25.58878812789917
234,296960,145,1264,719,-0.006836019828915596,0.005772083578631282,300.0,0.076171875,0.36560457944869995,0.0002,235.13112279999999,0.2,-0.013493027538061142,0.2775357961654663,0.0057639894,-25.57929105758667
236,299008,146,1264,724,-0.001300088013522327,0.007433904288336635,300.0,0.136328125,0.3656006455421448,0.0002,234.59239947000003,0.2,0.001187523128464818,0.6008239984512329,0.011560185,-25.574159717559816
238,301056,147,1264,729,-0.004011026304215193,0.007379398564808071,300.0,0.0736328125,0.3655585050582886,0.0002,235.17385464999995,0.2,-0.0022481989581137896,0.5420718193054199,0.007649263,-25.571782779693603
239,303104,148,1265,734,-0.005361661128699779,0.005596530577167869,300.0,0.0744140625,0.365559846162796,0.0002,235.10018735000003,0.2,0.0014797705225646496,0.6066384315490723,0.009535578,-25.566527080535888
241,305152,149,1265,739,-0.0058559822151437405,0.005710541107691825,300.0,0.0541015625,0.3654831051826477,0.0002,234.67686009000002,0.2,-0.019295882433652878,0.6148911714553833,0.008135175,-25.561950874328613
242,307200,150,1265,744,-0.005781727423891425,0.007868156302720308,300.0,0.0779296875,0.36539897322654724,0.0002,234.34070420999996,0.2,-0.01832478679716587,0.6144400238990784,0.008518836,-25.546508026123046
244,309248,151,1266,749,-0.006133824912831187,0.0061157680815085765,300.0,0.0771484375,0.3653368651866913,0.0002,234.34070420999996,0.2,-0.01593266800045967,0.432613730430603,0.0084980745,-25.535202312469483
245,311296,152,1266,754,-0.0038273763377219437,0.005011617974378169,300.0,0.05986328125,0.36525386571884155,0.0002,235.04534637999998,0.2,-0.00827658548951149,0.5319905877113342,0.006737716,-25.522622108459473
247,313344,153,1267,759,0.001171627943404019,0.006201309128664434,300.0,0.13583984375,0.3651871383190155,0.0002,235.34455341,0.2,-0.0026197500992566347,0.542757511138916,0.0125322975,-25.509720706939696
248,315392,154,1267,764,-0.0006570223486050963,0.006677914084866643,300.0,0.160546875,0.36508190631866455,0.0002,236.15893965000004,0.2,-0.0035740132443606853,0.5895569324493408,0.013029826,-25.49529809951782
250,317440,155,1268,769,-0.004801268549636006,0.006000747345387936,300.0,0.10224609375,0.36510685086250305,0.0002,235.25031509999997,0.2,-0.00017026113346219063,0.6066937446594238,0.009875383,-25.485967254638673
251,319488,156,1269,774,-0.0019233684055507184,0.005181810935027897,300.0,0.11025390625,0.3651250898838043,0.0002,235.68242669999995,0.2,0.0008633551187813282,0.6002617478370667,0.009768847,-25.4919864654541
253,321536,157,1269,779,-0.0036299005849286916,0.005675581423565746,300.0,0.0513671875,0.36510372161865234,0.0002,235.68242669999995,0.2,-0.006382456514984369,0.4778901934623718,0.0060514105,-25.490847206115724
253,323584,158,1274,781,0.004264402336307934,0.006768659488963229,300.0,0.11551339285714286,0.36509063839912415,0.0002,235.7852067,0.2,0.02558223530650139,0.5810038447380066,0.02476184,-25.488063267299108
255,325632,159,1274,786,-0.005558214499615133,0.00765007792506367,300.0,0.07724609375,0.36504387855529785,0.0002,235.27998914999998,0.2,-0.013361477293074131,0.5768774747848511,0.006564472,-25.483557510375977
257,327680,160,1274,791,-0.0038719975855201483,0.008327976055443286,300.0,0.0751953125,0.3650933504104614,0.0002,235.18747839000002,0.2,-0.0014022523537278175,0.5143014788627625,0.008644928,-25.480941009521484
258,329728,161,1274,796,-0.004893400310538709,0.006954318005591631,300.0,0.0646484375,0.36507055163383484,0.0002,233.65010558000003,0.2,-0.010292443446815014,0.5851747989654541,0.006967078,-25.487300395965576
260,331776,162,1275,801,-0.004941718024201691,0.007318248599767685,300.0,0.08427734375,0.3649883270263672,0.0002,234.90544177,0.2,0.0014742291532456875,0.6061772108078003,0.008308912,-25.476295280456544
261,333824,163,1274,806,-0.003733209287747741,0.005644468986429274,300.0,0.07734375,0.3649307191371918,0.0002,235.88323855999997,0.2,0.003157549537718296,0.5465602874755859,0.00856214,-25.46430597305298
263,335872,164,1274,811,-0.005234500532969833,0.004747307393699884,300.0,0.06171875,0.36494866013526917,0.0002,235.88323855999997,0.2,-0.01018018089234829,0.5938160419464111,0.008010794,-25.460102367401124
265,337920,165,1275,816,-0.0035278360825031995,0.006018378771841526,300.0,0.087109375,0.3649083077907562,0.0002,235.76443213000002,0.2,-0.012647478841245174,0.4340605139732361,0.005592897,-25.46075611114502
266,339968,166,1275,821,-0.005316706141456962,0.009890191070735455,300.0,0.07314453125,0.3648286759853363,0.0002,235.48963521000002,0.2,-0.011799406260251999,0.5537233352661133,0.0084408615,-25.449002170562743
267,342016,167,1276,826,-0.006107156164944172,0.00882142330519855,300.0,0.086328125,0.364815890789032,0.0002,235.80998467,0.2,-0.010486424900591373,0.5925766229629517,0.005965353,-25.439908981323242
269,344064,168,1276,831,-0.003618703759275377,0.006507089594379067,300.0,0.10263671875,0.36488187313079834,0.0002,235.46051855,0.2,0.005029057618230581,0.5568336248397827,0.013989749,-25.44333972930908
270,346112,169,1277,836,-0.0056953334948048,0.006653883447870612,300.0,0.0724609375,0.36495086550712585,0.0002,236.34084868000002,0.2,-0.009425386786460876,0.5870907306671143,0.006546554,-25.456042098999024
272,348160,170,1278,841,-0.006539763021282852,0.006797300744801759,300.0,0.0701171875,0.364983469247818,0.0002,235.61479029000003,0.2,-0.007527703419327736,0.5849407911300659,0.008533545,-25.464378547668456
273,350208,171,1278,846,-0.0028757886495441197,0.007008093409240246,300.0,0.11396484375,0.36504191160202026,0.0002,235.61479029000003,0.2,-0.004839745350182056,0.45548945665359497,0.007313639,-25.470965480804445
275,352256,172,1279,851,-0.005709669855423272,0.006876707077026367,300.0,0.13564453125,0.36503180861473083,0.0002,234.97970152999997,0.2,-0.006423044018447399,0.6111029386520386,0.017069846,-25.475605487823486
275,354304,173,1284,852,0.00959463999606669,0.005250802612863481,300.0,0.220703125,0.3650241792201996,0.0002,236.05432100000002,0.2,0.017070401459932327,0.6326601505279541,0.01570687,-25.473206996917725
277,356352,174,1284,857,-0.008716223516967148,0.004399654502049088,300.0,0.06171875,0.364986777305603,0.0002,236.78337183000002,0.2,-0.01585312932729721,0.5981108546257019,0.0083025675,-25.46974458694458
278,358400,175,1285,862,-0.003149127401411533,0.0060905393213033674,300.0,0.08505859375,0.36497628688812256,0.0002,237.15139703,0.2,-0.007885638624429703,0.6089611053466797,0.006055667,-25.465861511230468
280,360448,176,1285,867,-0.002373970835469663,0.00735960325691849,300.0,0.123828125,0.3649689555168152,0.0002,238.53534250999996,0.2,-0.001455005258321762,0.6176789402961731,0.011017936,-25.463691425323486
281,362496,177,1286,872,-0.005768800724763423,0.0049552374053746465,300.0,0.084765625,0.3649339973926544,0.0002,237.66753824,0.2,-0.017202474176883698,0.5548780560493469,0.006073792,-25.461005401611327
283,364544,178,1286,877,-0.005640393728390336,0.00553107182495296,300.0,0.05185546875,0.36494359374046326,0.0002,237.66753824,0.2,-0.0006376341916620731,0.6688061356544495,0.0077511384,-25.45668830871582
284,366592,179,1287,882,-6.103238556534052e-05,0.006491533014923334,300.0,0.14208984375,0.3649091422557831,0.0002,238.48727087999998,0.2,-0.002044334542006254,0.5247320532798767,0.012446028,-25.45672721862793
286,368640,180,1287,887,-0.0019068121211603284,0.00846146852709353,300.0,0.066015625,0.3648932874202728,0.0002,237.67996207,0.2,-0.00376225751824677,0.6608107089996338,0.0076209176,-25.449866008758544
287,370688,181,1288,892,-0.005333158350549638,0.009930638805963099,300.0,0.1166015625,0.3649204969406128,0.0002,237.23422643,0.2,-0.0055032954551279545,0.6336778402328491,0.008979499,-25.453357791900636
289,372736,182,1288,897,-0.006762050651013851,0.008807463734410704,300.0,0.08544921875,0.3650054335594177,0.0002,236.44998888,0.2,-0.0053573716431856155,0.6397157907485962,0.009893727,-25.460247898101805
290,374784,183,1289,902,-0.006451642164029181,0.007533398293890059,300.0,0.08623046875,0.3649592995643616,0.0002,235.69711779000002,0.2,-0.011827603913843632,0.641945481300354,0.0069305925,-25.46880521774292
292,376832,184,1289,907,-0.003246681485325098,0.00586229816544801,300.0,0.13154296875,0.3649405539035797,0.0002,234.39124324999997,0.2,0.003577861934900284,0.500861644744873,0.009072138,-25.458313083648683
293,378880,185,1290,912,-0.005352621432393789,0.005377551820129156,300.0,0.073046875,0.36485567688941956,0.0002,234.39124324999997,0.2,-0.00955337192863226,0.3146388530731201,0.005845896,-25.45296335220337
295,380928,186,1290,917,-0.006888862070627511,0.005478178686462343,300.0,0.0712890625,0.3647373914718628,0.0002,234.49027840000002,0.2,-0.014270237646996975,0.437951922416687,0.0069898264,-25.434097957611083
296,382976,187,1291,922,-0.004572518588975072,0.005972394370473921,300.0,0.0736328125,0.36465680599212646,0.0002,235.36959057999997,0.2,-0.006423828657716513,0.5196409225463867,0.0077196145,-25.416191005706786
298,385024,188,1291,927,-0.003974833292886615,0.005710809980519116,300.0,0.0927734375,0.3646283447742462,0.0002,235.87872877,0.2,-0.0038007418625056744,0.5781158208847046,0.013749993,-25.40518913269043
299,387072,189,1292,932,-0.004795193392783404,0.006483346666209399,300.0,0.13642578125,0.36464330554008484,0.0002,234.76783669,0.2,-0.00011530355550348759,0.6098566651344299,0.011286917,-25.40583953857422
301,389120,190,1292,937,-0.008273313473910093,0.005822723871096969,300.0,0.08681640625,0.3645966649055481,0.0002,234.77073664999998,0.2,-0.013359473086893559,0.5075187683105469,0.012885266,-25.403796005249024
302,391168,191,1293,942,-0.0030421599512919784,0.006014082883484662,300.0,0.10361328125,0.36456915736198425,0.0002,234.77073664999998,0.2,-0.00804195087403059,0.4718706011772156,0.0087487865,-25.396026515960692
303,393216,192,1293,947,-0.006991735403425991,0.004387611371930689,300.0,0.07060546875,0.3645714819431305,0.0002,233.82122222000007,0.2,-0.005519325844943523,0.5521245002746582,0.008882662,-25.39334316253662
305,395264,193,1293,952,-0.006946937635075301,0.004967034724541008,300.0,0.0857421875,0.36457744240760803,0.0002,233.4534893,0.2,-0.010272535495460033,0.5389121770858765,0.008474164,-25.394345188140868
306,397312,194,1294,957,-0.004390210879500955,0.005435827327892185,300.0,0.06240234375,0.36461371183395386,0.0002,233.04926454999998,0.2,-0.002765059471130371,0.6002286672592163,0.008559199,-25.397795486450196
308,399360,195,1294,962,-0.0057750230887904765,0.00652676394674927,300.0,0.0720703125,0.36464375257492065,0.0002,234.04235232,0.2,-0.008504381403326988,0.5962865352630615,0.0063297665,-25.40219669342041
309,401408,196,1294,967,-0.009364740189630539,0.006416114931926131,300.0,0.1056640625,0.3646330237388611,0.0002,234.29443150999998,0.2,-0.006478633265942335,0.5731918811798096,0.010614881,-25.406071949005128
