time/total_timesteps,time/fps,time/iterations,time/time_elapsed,train/policy_gradient_loss,rollout/ep_rew_mean,train/value_loss,train/clip_range,train/approx_kl,train/std,train/learning_rate,train/entropy_loss,train/n_updates,rollout/ep_len_mean,train/loss,train/explained_variance,train/clip_fraction
2048,5561,1,0,,,,,,,,,,,,,
4096,4303,2,0,0.15962929651141167,244.335866625,3.3448277711868286,0.2,1.8474488,0.3678743541240692,0.0002,-25.973756790161133,1,300.0,1.7244611978530884,0.01110851764678955,0.486328125
6144,4054,3,1,0.22729379567317665,248.6893123125,0.11936238221824169,0.2,1.0979578,0.36786940693855286,0.0002,-25.972912788391113,2,300.0,0.48254287242889404,-0.7000937461853027,0.4609375
8192,4031,4,2,0.09438560903072357,242.84634145833334,0.12235941737890244,0.2,0.31325698,0.36786484718322754,0.0002,-25.97210693359375,3,300.0,0.22268152236938477,-1.167785406112671,0.3251953125
10240,4025,5,2,0.1205460550263524,240.580271375,0.0928830411285162,0.2,0.46967998,0.3678607642650604,0.0002,-25.971378326416016,4,300.0,0.26558491587638855,-0.12810862064361572,0.419921875
12288,3981,6,3,0.17717315629124641,239.607557525,0.07825574278831482,0.2,0.9628383,0.36785662174224854,0.0002,-25.97068691253662,5,300.0,0.37518414855003357,-0.48454606533050537,0.4365234375
14336,3965,7,3,0.10625907219946384,239.607557525,0.0857663806527853,0.2,0.70185244,0.3678510785102844,0.0002,-25.969863891601562,6,300.0,0.2360200732946396,-0.3151235580444336,0.4072265625
16384,3976,8,4,0.11425785114988685,237.7854468125,0.08356387913227081,0.2,0.3421059,0.36784228682518005,0.0002,-25.968655586242676,7,300.0,0.2541623115539551,-1.0381646156311035,0.40234375
18432,3956,9,4,0.13679951801896095,236.87272439285715,0.0629428829997778,0.2,0.41861862,0.3678392469882965,0.0002,-25.96766185760498,8,300.0,0.29150864481925964,-0.5675653219223022,0.43359375
20480,3941,10,5,0.09054622240364552,234.30208298437498,0.06236995942890644,0.2,0.36201125,0.36783748865127563,0.0002,-25.967252731323242,9,300.0,0.21248167753219604,-0.6815004348754883,0.41015625
22528,3957,11,5,0.13703127577900887,233.89558398611112,0.06497909128665924,0.2,1.2055169,0.36783716082572937,0.0002,-25.967071533203125,10,300.0,0.29784202575683594,-0.6301285028457642,0.4453125
24576,3942,12,6,0.2806781188119203,231.9464397875,0.04777910187840462,0.2,1.3443257,0.3678339123725891,0.0002,-25.966771125793457,11,300.0,0.5861980319023132,-0.27642643451690674,0.4716796875
26624,3929,13,6,0.14456480462104082,231.44622351136366,0.05963108502328396,0.2,0.66199553,0.3678314983844757,0.0002,-25.96629810333252,12,300.0,0.319278359413147,-0.4731464385986328,0.4482421875
28672,3900,14,7,0.14987740945070982,231.44622351136366,0.054631778970360756,0.2,0.7079349,0.36783045530319214,0.0002,-25.966005325317383,13,300.0,0.3269278407096863,-0.3665522336959839,0.4326171875
30720,3884,15,7,0.2664199769496918,232.7689596458334,0.046192556619644165,0.2,0.8672765,0.3678286075592041,0.0002,-25.96575927734375,14,300.0,0.5520097017288208,-0.8277961015701294,0.462890625
32768,3869,16,8,0.17965177143923938,232.85255505,0.03401963599026203,0.2,1.6318986,0.36782658100128174,0.0002,-25.965432167053223,15,300.0,0.37593498826026917,-0.6781049966812134,0.4814453125
34816,3869,17,8,0.16051324317231774,232.03354590000004,0.055314287543296814,0.2,1.3198104,0.36782464385032654,0.0002,-25.965096473693848,16,300.0,0.34839561581611633,-0.470156192779541,0.478515625
36864,3884,18,9,0.16538218269124627,230.42583901999998,0.039504487067461014,0.2,1.3887722,0.36782339215278625,0.0002,-25.964826583862305,17,300.0,0.3508603870868683,-0.46989381313323975,0.48046875
38912,3882,19,10,0.39217931777238846,230.43062783000002,0.04792623408138752,0.2,1.774893,0.36782383918762207,0.0002,-25.964755058288574,18,300.0,0.8105049729347229,-1.2722504138946533,0.486328125
40960,3877,20,10,0.18900011107325554,230.34709074999995,0.049672627821564674,0.2,0.9813092,0.367825448513031,0.0002,-25.964924812316895,19,300.0,0.40641218423843384,-0.7683600187301636,0.4736328125
43008,3887,21,11,0.15444570826366544,230.34709074999995,0.034140320494771004,0.2,0.67860353,0.3678280711174011,0.0002,-25.965283393859863,20,300.0,0.3260963559150696,-0.6720669269561768,0.4384765625
45056,3882,22,11,0.16463409271091223,231.36971923000002,0.037507977336645126,0.2,0.74351466,0.3678297698497772,0.0002,-25.965649604797363,21,300.0,0.3494838774204254,-1.1590454578399658,0.4384765625
47104,3878,23,12,0.18937277141958475,230.39479953999998,0.045650415122509,0.2,1.2691472,0.36783143877983093,0.0002,-25.96593189239502,22,300.0,0.401431679725647,-0.8919073343276978,0.4677734375
49152,3870,24,12,0.13192691188305616,231.15782077,0.037830157205462456,0.2,0.3657775,0.36783021688461304,0.0002,-25.965962409973145,23,300.0,0.2818009555339813,-0.3884568214416504,0.4111328125
51200,3874,25,13,0.07938311900943518,230.86450429000004,0.03617791272699833,0.2,0.2281744,0.36782968044281006,0.0002,-25.96580696105957,24,300.0,0.1776905357837677,-0.3949418067932129,0.3203125
53248,3872,26,13,0.11251598224043846,231.71082402,0.03761500120162964,0.2,0.26366988,0.3678293228149414,0.0002,-25.965730667114258,25,300.0,0.24404644966125488,-0.5190274715423584,0.3828125
55296,3874,27,14,0.060117386281490326,233.57495922,0.029379955492913723,0.2,0.13522445,0.3678302466869354,0.0002,-25.965776443481445,26,300.0,0.1336667239665985,-0.3655858039855957,0.25390625
57344,3883,28,14,0.1719492068514228,233.57495922,0.0374820102006197,0.2,0.41011178,0.36782893538475037,0.0002,-25.965744018554688,27,300.0,0.3610799312591553,-0.8365459442138672,0.435546875
59392,3876,29,15,0.18074357137084007,233.77977577,0.03166502621024847,0.2,0.8919203,0.36782705783843994,0.0002,-25.965479850769043,28,300.0,0.3763899803161621,-0.4169020652770996,0.4619140625
61440,3865,30,15,0.10481154872104526,232.97290577999996,0.031200013123452663,0.2,0.28270006,0.36782610416412354,0.0002,-25.965242385864258,29,300.0,0.22502700984477997,-0.05860757827758789,0.4423828125
63488,3870,31,16,0.18185380287468433,232.09476994999997,0.03559896722435951,0.2,0.69272834,0.3678252100944519,0.0002,-25.9650821685791,30,300.0,0.381435364484787,-0.6843172311782837,0.4609375
65536,3861,32,16,0.06797262979671359,233.46362143000002,0.03131627291440964,0.2,0.15158173,0.367824912071228,0.0002,-25.96498394012451,31,300.0,0.15102769434452057,-0.2986319065093994,0.39453125
67584,3852,33,17,0.166168631054461,234.99963260999996,0.0342954657971859,0.2,0.45425567,0.3678246736526489,0.0002,-25.964938163757324,32,300.0,0.34941601753234863,-0.045772552490234375,0.4462890625
69632,3851,34,18,0.0464424192905426,235.45682456999998,0.0272917365655303,0.2,0.08548032,0.3678247034549713,0.0002,-25.964920043945312,33,300.0,0.10444489121437073,-0.16449308395385742,0.32421875
71680,3852,35,18,0.11554673267528415,235.45682456999998,0.038024697452783585,0.2,0.19683255,0.36782386898994446,0.0002,-25.96485424041748,34,300.0,0.24931442737579346,-0.9067636728286743,0.30078125
73728,3848,36,19,0.056050381157547235,235.61960449000006,0.03130372054874897,0.2,0.1706881,0.3678241968154907,0.0002,-25.964808464050293,35,300.0,0.12572632730007172,-0.4083439111709595,0.34765625
75776,3850,37,19,0.07815623003989458,235.06230712999997,0.023852434940636158,0.2,0.26351735,0.3678259551525116,0.0002,-25.964981079101562,36,300.0,0.1661200076341629,0.16579771041870117,0.419921875
77824,3856,38,20,0.1269673639908433,234.90685687,0.0254293754696846,0.2,0.3108065,0.3678276240825653,0.0002,-25.96526336669922,37,300.0,0.26547420024871826,-0.5343204736709595,0.41796875
79872,3851,39,20,0.08223617263138294,235.62197847000004,0.02964328695088625,0.2,0.20598693,0.36782941222190857,0.0002,-25.965553283691406,38,300.0,0.1770569384098053,-0.3132072687149048,0.3896484375
81920,3848,40,21,0.07562662102282047,235.20478814,0.023252069018781185,0.2,0.26931292,0.3678307831287384,0.0002,-25.96582317352295,39,300.0,0.16157861053943634,0.08680123090744019,0.380859375
83968,3856,41,21,0.11663791444152594,235.20478814,0.023298554122447968,0.2,0.35197708,0.3678320050239563,0.0002,-25.966044425964355,40,300.0,0.24286113679409027,-0.5096435546875,0.3994140625
86016,3853,42,22,0.09493622789159417,235.32762798999997,0.02648058533668518,0.2,0.17857423,0.36783263087272644,0.0002,-25.966198921203613,41,300.0,0.20260408520698547,-0.8978967666625977,0.34765625
88064,3849,43,22,0.10425928328186274,235.32482367,0.02587733417749405,0.2,0.25393236,0.36783379316329956,0.0002,-25.966341018676758,42,300.0,0.21933777630329132,-0.38681602478027344,0.3984375
90112,3852,44,23,0.09362298622727394,234.46892667,0.029052045196294785,0.2,0.13549902,0.36783477663993835,0.0002,-25.966522216796875,43,300.0,0.20036259293556213,-0.825248122215271,0.3056640625
92160,3852,45,23,0.062373497523367405,233.76996284,0.022949665784835815,0.2,0.15225446,0.3678357005119324,0.0002,-25.96668815612793,44,300.0,0.13605660200119019,0.12479686737060547,0.3857421875
94208,3850,46,24,0.05030130874365568,232.94240893000003,0.030001099221408367,0.2,0.088961765,0.3678361177444458,0.0002,-25.966796875,45,300.0,0.11310703307390213,-0.07855463027954102,0.2705078125
96256,3851,47,24,0.023532606661319733,232.36415652,0.017745619639754295,0.2,0.047957685,0.36783668398857117,0.0002,-25.96687412261963,46,300.0,0.05477309226989746,0.04583024978637695,0.2353515625
98304,3853,48,25,0.019379730336368084,232.36415652,0.024507755413651466,0.2,0.038421087,0.367837131023407,0.0002,-25.966955184936523,47,300.0,0.05044513940811157,-0.03977787494659424,0.2236328125
100352,3835,49,26,0.026896977021048468,231.41915049999997,0.028302648415168125,0.2,0.049621258,0.3678372800350189,0.0002,-25.966999053955078,48,300.0,0.09228914976119995,-0.0645287036895752,0.29296875
102400,3830,50,26,0.05024288780987263,231.14817199,0.02478372771292925,0.2,0.08667288,0.36783772706985474,0.0002,-25.96705913543701,49,300.0,0.11242447048425674,-0.17962920665740967,0.2841796875
104448,3836,51,27,0.07787674572318792,231.87537960999998,0.02215867768973112,0.2,0.15983748,0.36783745884895325,0.0002,-25.967071533203125,50,300.0,0.16610713303089142,-0.1540074348449707,0.3720703125
106496,3834,52,27,0.1508227246813476,230.95499155999997,0.027697061188519,0.2,0.5946429,0.3678372800350189,0.0002,-25.96702766418457,51,300.0,0.3144889771938324,0.06242501735687256,0.453125
108544,3834,53,28,0.08929053228348494,232.94203761999995,0.028475320897996426,0.2,0.21005514,0.36783790588378906,0.0002,-25.967068672180176,52,300.0,0.19307512044906616,0.09450012445449829,0.361328125
110592,3839,54,28,0.08828714862465858,232.86481508,0.024998548440635204,0.2,0.2021676,0.36783841252326965,0.0002,-25.9671630859375,53,300.0,0.18865224719047546,-0.1250683069229126,0.3408203125
112640,3839,55,29,0.05296302167698741,232.86481508,0.02892244514077902,0.2,0.08653496,0.36783847212791443,0.0002,-25.967206954956055,54,300.0,0.11889313161373138,0.29834479093551636,0.2783203125
114688,3838,56,29,0.11643392406404018,233.22237920999999,0.030887233093380928,0.2,0.29718515,0.3678390681743622,0.0002,-25.967265129089355,55,300.0,0.24714750051498413,0.18806886672973633,0.392578125
116736,3841,57,30,0.14680027216672897,232.79036794000004,0.0319727323949337,0.2,0.37426734,0.3678390383720398,0.0002,-25.96731662750244,56,300.0,0.30931681394577026,0.018650949001312256,0.439453125
118784,3844,58,30,0.17803465947508812,232.38273604000003,0.02788551151752472,0.2,0.58830327,0.3678390681743622,0.0002,-25.96731662750244,57,300.0,0.3685341775417328,-0.0737605094909668,0.44921875
120832,3843,59,31,0.1329629283864051,232.61494562000004,0.024873187765479088,0.2,0.43224695,0.36783984303474426,0.0002,-25.967378616333008,58,300.0,0.2770766019821167,0.11731022596359253,0.4482421875
122880,3844,60,31,0.2694746239576489,232.15162626,0.024469262920320034,0.2,0.80433124,0.36784061789512634,0.0002,-25.96751117706299,59,300.0,0.5507686138153076,-0.05559587478637695,0.4638671875
124928,3848,61,32,0.2265324853360653,231.95001284999995,0.017503008246421814,0.2,1.1074789,0.36784014105796814,0.0002,-25.96753978729248,60,300.0,0.4608042240142822,-0.0652613639831543,0.484375
126976,3847,62,33,0.21722475439310074,231.95001284999995,0.021256479434669018,0.2,1.1292241,0.36783990263938904,0.0002,-25.96747875213623,61,300.0,0.44408300518989563,0.09299415349960327,0.48046875
129024,3846,63,33,0.1412057438865304,231.95831393,0.02852191124111414,0.2,0.52789974,0.36783939599990845,0.0002,-25.96741485595703,62,300.0,0.2963928282260895,0.04598182439804077,0.4619140625
131072,3851,64,34,0.10800762614235282,232.62006648,0.022361677139997482,0.2,0.46847707,0.36783963441848755,0.0002,-25.967387199401855,63,300.0,0.22690851986408234,-0.08388292789459229,0.4326171875
133120,3850,65,34,0.24544850271195173,231.58756126999998,0.015062136575579643,0.2,1.040776,0.36784109473228455,0.0002,-25.967528343200684,64,300.0,0.49828192591667175,0.027625560760498047,0.45703125
135168,3849,66,35,0.1925446381792426,231.43939265,0.01907996740192175,0.2,0.746783,0.3678419291973114,0.0002,-25.967723846435547,65,300.0,0.3940798342227936,-0.020516633987426758,0.4375
137216,3849,67,35,0.15472441259771585,231.0570893,0.017387240193784237,0.2,0.8932729,0.3678422272205353,0.0002,-25.96781635284424,66,300.0,0.3177911937236786,-0.007327556610107422,0.4599609375
139264,3845,68,36,0.2287292182445526,232.25984995,0.013946013525128365,0.2,1.8894596,0.3678435683250427,0.0002,-25.9679536819458,67,300.0,0.4637795090675354,-0.0814361572265625,0.4765625
141312,3843,69,36,0.14101095194928348,232.25984995,0.019402089528739452,0.2,0.8388657,0.36784636974334717,0.0002,-25.968303680419922,68,300.0,0.29016146063804626,-0.7251336574554443,0.4482421875
143360,3844,70,37,0.11573981586843729,231.45218625999993,0.017120678443461657,0.2,0.6006327,0.3678486943244934,0.0002,-25.968734741210938,69,300.0,0.23925639688968658,-0.5855859518051147,0.37109375
145408,3848,71,37,0.05759323947131634,231.30905887,0.022947315126657486,0.2,0.28439125,0.3678513765335083,0.0002,-25.969158172607422,70,300.0,0.12576940655708313,-0.14351391792297363,0.3857421875
147456,3847,72,38,0.11520309187471867,231.77928393999994,0.02405914943665266,0.2,0.24073789,0.3678547739982605,0.0002,-25.96966552734375,71,300.0,0.24218858778476715,-0.3612995147705078,0.3984375
149504,3847,73,38,0.04887761315330863,231.68667361999997,0.02315602172166109,0.2,0.080615774,0.36785686016082764,0.0002,-25.970126152038574,72,300.0,0.10933268815279007,-0.2564432621002197,0.3310546875
151552,3851,74,39,0.03341861814260483,232.06977877999998,0.015822469256818295,0.2,0.07077329,0.36785802245140076,0.0002,-25.9704008102417,73,300.0,0.07506442070007324,-0.1863088607788086,0.3232421875
153600,3850,75,39,0.09827559441328049,231.80357403,0.022129926830530167,0.2,0.150294,0.3678595721721649,0.0002,-25.970624923706055,74,300.0,0.2071799784898758,-0.32158195972442627,0.3720703125
155648,3850,76,40,0.04777309391647577,231.80357403,0.027286711148917675,0.2,0.15521821,0.3678595721721649,0.0002,-25.970754623413086,75,300.0,0.10751793533563614,-0.21485555171966553,0.3642578125
157696,3853,77,40,0.08328782208263874,232.91461144999997,0.025638021528720856,0.2,0.2076916,0.3678606450557709,0.0002,-25.970840454101562,76,300.0,0.1805904507637024,-0.1937328577041626,0.375
159744,3854,78,41,0.21506122313439846,232.95373429,0.024600928649306297,0.2,0.26279396,0.3678613603115082,0.0002,-25.970982551574707,77,300.0,0.44200605154037476,0.05576002597808838,0.3173828125
161792,3853,79,41,0.12231895606964827,232.04067221999998,0.02883628848940134,0.2,0.5814185,0.3678617477416992,0.0002,-25.971074104309082,78,300.0,0.2593594193458557,-0.3214762210845947,0.4384765625
163840,3854,80,42,0.04827517783269286,232.39008498999996,0.031177924945950508,0.2,0.21685316,0.3678613603115082,0.0002,-25.971074104309082,79,300.0,0.11308597028255463,0.056388795375823975,0.3408203125
165888,3857,81,43,0.08110848627984524,231.46144565000003,0.02478025760501623,0.2,0.13405393,0.36786091327667236,0.0002,-25.97100830078125,80,300.0,0.1742015928030014,0.2023005485534668,0.3310546875
167936,3857,82,43,0.15345967561006546,231.46144565000003,0.03295002318918705,0.2,0.3483664,0.36786097288131714,0.0002,-25.970975875854492,81,300.0,0.32285448908805847,-0.27583014965057373,0.3740234375
169984,3857,83,44,0.07275040447711945,230.99139691,0.02876068279147148,0.2,0.11138219,0.36786091327667236,0.0002,-25.970973014831543,82,300.0,0.15850615501403809,-0.3061283826828003,0.328125
172032,3860,84,44,0.01578736607916653,229.28393903999998,0.03240108676254749,0.2,0.02246973,0.3678618371486664,0.0002,-25.971046447753906,83,300.0,0.04586492478847504,0.006370902061462402,0.203125
174080,3859,85,45,0.012621761066839099,229.50176202999998,0.0262712137773633,0.2,0.016258966,0.3678615987300873,0.0002,-25.971096992492676,84,300.0,0.03751246631145477,0.3354567885398865,0.1865234375
176128,3858,86,45,0.06034297379665077,228.09225837999995,0.031524863094091415,0.2,0.08586885,0.367861807346344,0.0002,-25.971086502075195,85,300.0,0.1342564970254898,0.06671595573425293,0.236328125
178176,3858,87,46,0.190620806068182,228.75651399000003,0.026441585272550583,0.2,0.3089822,0.3678610324859619,0.0002,-25.971038818359375,86,300.0,0.393287718296051,0.2508547306060791,0.4228515625
180224,3857,88,46,0.06406347267329693,228.32944569999995,0.019452715758234262,0.2,0.12951115,0.36785998940467834,0.0002,-25.97088623046875,87,300.0,0.13563358783721924,0.30098503828048706,0.365234375
182272,3854,89,47,0.03708561323583126,228.32944569999995,0.0194771746173501,0.2,0.055305667,0.36786043643951416,0.0002,-25.970827102661133,88,300.0,0.0822468101978302,0.04050940275192261,0.3056640625
184320,3852,90,47,0.13962199073284864,228.26758578000002,0.01870393566787243,0.2,0.27428925,0.3678596317768097,0.0002,-25.970796585083008,89,300.0,0.28836169838905334,0.005961000919342041,0.4306640625
186368,3852,91,48,0.05484963674098253,227.69766514999995,0.01491035521030426,0.2,0.22415465,0.3678605556488037,0.0002,-25.970810890197754,90,300.0,0.11679713428020477,0.37582486867904663,0.3994140625
188416,3847,92,48,0.15154423844069242,228.35469880000005,0.015359380282461643,0.2,0.47011936,0.3678605854511261,0.0002,-25.970887184143066,91,300.0,0.31025856733322144,0.2212926745414734,0.4423828125
190464,3844,93,49,0.11503434088081121,228.79970638000006,0.0184078486636281,0.2,0.23726287,0.3678611218929291,0.0002,-25.97093391418457,92,300.0,0.23805667459964752,0.26087290048599243,0.375
192512,3845,94,50,0.07147891400381923,228.11494734999994,0.020475272089242935,0.2,0.11802227,0.36785995960235596,0.0002,-25.97088623046875,93,300.0,0.15229099988937378,0.3635026216506958,0.2919921875
194560,3843,95,50,0.06584640964865685,229.61458874,0.01893379259854555,0.2,0.1252874,0.3678607940673828,0.0002,-25.970855712890625,94,300.0,0.1401556432247162,0.2667734622955322,0.345703125
196608,3840,96,51,0.07674238737672567,229.61458874,0.028449377045035362,0.2,0.18060727,0.36786189675331116,0.0002,-25.971010208129883,95,300.0,0.16726788878440857,0.4496158957481384,0.318359375
198656,3841,97,51,0.07787228655070066,228.45866795999999,0.028619416058063507,0.2,0.21068078,0.36786115169525146,0.0002,-25.971040725708008,96,300.0,0.17037782073020935,0.34531956911087036,0.3544921875
200704,3838,98,52,0.17414236441254616,229.90244887,0.0235245693475008,0.2,0.39199346,0.3678606152534485,0.0002,-25.970932960510254,97,300.0,0.35974380373954773,0.19594049453735352,0.3408203125
202752,3835,99,52,0.10608728881925344,230.06600590000005,0.021525027230381966,0.2,0.24477881,0.36785954236984253,0.0002,-25.97079372406006,98,300.0,0.2224884182214737,-0.10850656032562256,0.3212890625
204800,3835,100,53,0.11238181591033936,230.5054323,0.029977034777402878,0.2,0.26565874,0.3678591251373291,0.0002,-25.970667839050293,99,300.0,0.23904095590114594,0.24696260690689087,0.3427734375
206848,3834,101,53,0.0775653887540102,230.87605136000002,0.03160061314702034,0.2,0.26313704,0.3678590953350067,0.0002,-25.970626831054688,100,300.0,0.17057190835475922,0.3444388508796692,0.2822265625
208896,3832,102,54,0.15974597912281752,229.66318095000003,0.032386286184191704,0.2,0.46553165,0.3678578734397888,0.0002,-25.97051429748535,101,300.0,0.33496391773223877,0.04618525505065918,0.3916015625
210944,3831,103,55,0.04640529723837972,229.66318095000003,0.0323038324713707,0.2,0.17542201,0.3678564429283142,0.0002,-25.970287322998047,102,300.0,0.10861183702945709,0.313395619392395,0.2880859375
212992,3832,104,55,0.054661039263010025,230.43364958,0.025485340505838394,0.2,0.111007616,0.36785581707954407,0.0002,-25.970112800598145,103,300.0,0.12175683677196503,0.06885439157485962,0.30078125
215040,3831,105,56,0.05744635872542858,229.46683849000001,0.02295217290520668,0.2,0.09769572,0.36785513162612915,0.0002,-25.970001220703125,104,300.0,0.12552490830421448,0.1753963828086853,0.2490234375
217088,3829,106,56,0.04239073349162936,229.49776608,0.025450301356613636,0.2,0.039276402,0.36785435676574707,0.0002,-25.969879150390625,105,300.0,0.09681157022714615,0.0384293794631958,0.2919921875
219136,3832,107,57,0.09162884182296693,229.9515155,0.02921565156430006,0.2,0.12779571,0.3678532838821411,0.0002,-25.969724655151367,106,300.0,0.19748757779598236,0.015110552310943604,0.365234375
221184,3831,108,57,0.010083757806569338,230.12433488000002,0.02396155707538128,0.2,0.015168874,0.36785274744033813,0.0002,-25.969584465026855,107,300.0,0.032129473984241486,-0.09363842010498047,0.1748046875
223232,3829,109,58,0.039564347825944424,231.37073002,0.021999113261699677,0.2,0.08962993,0.3678516149520874,0.0002,-25.969436645507812,108,300.0,0.0883365198969841,-0.004889965057373047,0.361328125
225280,3831,110,58,0.060136886313557625,231.37073002,0.025784403085708618,0.2,0.20036286,0.36785057187080383,0.0002,-25.96925640106201,109,300.0,0.13214467465877533,-0.007010459899902344,0.40234375
227328,3832,111,59,0.02301899390295148,230.78266648000002,0.02261259313672781,0.2,0.029754654,0.3678492605686188,0.0002,-25.96905517578125,110,300.0,0.056539203971624374,0.114798903465271,0.255859375
229376,3831,112,59,0.034154615830630064,231.61460537000002,0.022746698930859566,0.2,0.03237135,0.3678463399410248,0.0002,-25.968690872192383,111,300.0,0.07952471077442169,-0.15655136108398438,0.20703125
231424,3831,113,60,0.03692018333822489,231.74878137999997,0.018283852841705084,0.2,0.043857925,0.3678424656391144,0.0002,-25.968124389648438,112,300.0,0.0815737396478653,-0.04086601734161377,0.2763671875
233472,3833,114,60,0.025372294709086418,231.88396169,0.018552693538367748,0.2,0.016957652,0.3678380846977234,0.0002,-25.967432975769043,113,300.0,0.05875803902745247,0.037450551986694336,0.1845703125
235520,3832,115,61,0.03414661157876253,231.42800743999996,0.016169024631381035,0.2,0.048331548,0.36783283948898315,0.0002,-25.96661949157715,114,300.0,0.07552759349346161,-0.23154056072235107,0.2568359375
237568,3831,116,62,0.017786740558221936,231.42800743999996,0.01908775232732296,0.2,0.020745324,0.36782824993133545,0.0002,-25.965787887573242,115,300.0,0.04462035372853279,-0.34722697734832764,0.2529296875
239616,3833,117,62,0.04576907155569643,232.94429164000002,0.01756669022142887,0.2,0.08536239,0.3678251802921295,0.0002,-25.96513843536377,116,300.0,0.0987272635102272,-0.057500481605529785,0.3203125
241664,3831,118,63,0.01826393837109208,233.71537039000003,0.018600694835186005,0.2,0.029532196,0.36782246828079224,0.0002,-25.96465015411377,117,300.0,0.04465785250067711,0.11816269159317017,0.2197265625
243712,3830,119,63,0.07069234736263752,233.66469447000003,0.02268144767731428,0.2,0.16127264,0.36781957745552063,0.0002,-25.964177131652832,118,300.0,0.15129780769348145,0.10985171794891357,0.337890625
245760,3832,120,64,0.10784199833869934,233.01586297999998,0.025843276642262936,0.2,0.3416946,0.3678160607814789,0.0002,-25.963638305664062,119,300.0,0.22871436178684235,-0.15417301654815674,0.427734375
247808,3832,121,64,0.19068462261930108,232.55588977,0.024359295144677162,0.2,0.5860496,0.3678133487701416,0.0002,-25.963117599487305,120,300.0,0.3939397633075714,-0.14062738418579102,0.4541015625
249856,3831,122,65,0.1312912292778492,232.52797450000006,0.025348962284624577,0.2,0.51824325,0.36781054735183716,0.0002,-25.96264934539795,121,300.0,0.2740667164325714,0.005235850811004639,0.4140625
251904,3832,123,65,0.07418901124037802,232.52797450000006,0.028848587535321712,0.2,0.13687478,0.36780622601509094,0.0002,-25.962045669555664,122,300.0,0.16255566477775574,0.04450315237045288,0.328125
253952,3833,124,66,0.14881843142211437,232.51042029,0.030988845974206924,0.2,0.34148648,0.36780279874801636,0.0002,-25.961397171020508,123,300.0,0.3121896982192993,-0.2351992130279541,0.3955078125
256000,3830,125,66,0.12775061652064323,232.65469711999998,0.03531922399997711,0.2,0.22256705,0.36779993772506714,0.0002,-25.960871696472168,124,300.0,0.2728894352912903,-0.017921090126037598,0.4248046875
258048,3830,126,67,0.07645333185791969,232.63506383,0.029098207131028175,0.2,0.14756282,0.3677968680858612,0.0002,-25.960371017456055,125,300.0,0.16543437540531158,0.2579006552696228,0.3681640625
260096,3832,127,67,0.08998291753232479,231.18427795000002,0.028750816360116005,0.2,0.20323688,0.3677956461906433,0.0002,-25.96000576019287,126,300.0,0.19343774020671844,0.2875508666038513,0.337890625
262144,3831,128,68,0.060504667926579714,230.26205316999997,0.031281331554055214,0.2,0.1047204,0.3677934408187866,0.0002,-25.959716796875,127,300.0,0.13568687438964844,0.2808660864830017,0.31640625
264192,3830,129,68,0.14297114487271756,230.08335065,0.02680134680122137,0.2,0.38346785,0.3677912652492523,0.0002,-25.959351539611816,128,300.0,0.2985769510269165,0.32375437021255493,0.439453125
266240,3831,130,69,0.04561092332005501,230.08335065,0.02710622362792492,0.2,0.09538661,0.3677918612957001,0.0002,-25.95921516418457,129,300.0,0.10319273918867111,0.17016565799713135,0.296875
268288,3830,131,70,0.13184705656021833,229.73288437999997,0.02458197809755802,0.2,0.20882517,0.3677922189235687,0.0002,-25.959291458129883,130,300.0,0.27488115429878235,0.12037038803100586,0.39453125
270336,3828,132,70,0.159776471555233,230.67870969,0.024499205872416496,0.2,0.42871183,0.3677913546562195,0.0002,-25.959256172180176,131,300.0,0.3299085795879364,0.2938426733016968,0.4365234375
272384,3829,133,71,0.11930356826633215,230.30871256999995,0.020736007019877434,0.2,0.6655796,0.3677905201911926,0.0002,-25.95911693572998,132,300.0,0.24896712601184845,0.4986928701400757,0.4453125
274432,3829,134,71,0.15710888989269733,230.57318345000004,0.021712309680879116,0.2,0.3085608,0.36778971552848816,0.0002,-25.958977699279785,133,300.0,0.324158638715744,0.4912738800048828,0.4267578125
276480,3828,135,72,0.12584427371621132,232.00088198,0.029245463199913502,0.2,0.50441617,0.36779046058654785,0.0002,-25.958974838256836,134,300.0,0.2663460671901703,0.3319969177246094,0.45703125
278528,3829,136,72,0.21644988656044006,232.65407835999994,0.02393956482410431,0.2,0.8738627,0.3677913248538971,0.0002,-25.9591064453125,135,300.0,0.4438404440879822,0.1418399214744568,0.4658203125
280576,3831,137,73,0.20813515642657876,232.65407835999994,0.025201203301548958,0.2,0.9619057,0.3677915930747986,0.0002,-25.959200859069824,136,300.0,0.428173691034317,0.3478042483329773,0.46875
282624,3830,138,73,0.19614369422197342,231.71525556,0.025476946495473385,0.2,1.4384873,0.3677907884120941,0.0002,-25.959155082702637,137,300.0,0.4049057066440582,-0.043752193450927734,0.4873046875
284672,3830,139,74,0.1514494006987661,231.05364091000004,0.040564725175499916,0.2,1.7526879,0.3677898645401001,0.0002,-25.959003448486328,138,300.0,0.322887122631073,0.3271828889846802,0.4931640625
286720,3832,140,74,0.2026839500758797,231.48176944999994,0.03810379467904568,0.2,0.7838111,0.36778852343559265,0.0002,-25.958812713623047,139,300.0,0.42383942008018494,0.040401995182037354,0.470703125
288768,3831,141,75,0.08534833323210478,232.25305446,0.039740798994898796,0.2,0.28797802,0.36778584122657776,0.0002,-25.958477020263672,140,300.0,0.19073481857776642,0.2719153165817261,0.4140625
290816,3830,142,75,0.10886194184422493,233.69542093,0.04668663814663887,0.2,0.20358907,0.3677818477153778,0.0002,-25.95791244506836,141,300.0,0.23840762674808502,0.41366279125213623,0.384765625
292864,3829,143,76,0.12753638671711087,235.48097914,0.04041179269552231,0.2,0.39412716,0.3677782416343689,0.0002,-25.957270622253418,142,300.0,0.27384454011917114,0.06375366449356079,0.44921875
294912,3826,144,77,0.1500321733765304,235.48097914,0.0480952151119709,0.2,0.46556717,0.367776095867157,0.0002,-25.956787109375,143,300.0,0.3228738605976105,0.1773555874824524,0.4423828125
296960,3823,145,77,0.07158637326210737,235.89150129,0.040678903460502625,0.2,0.13305953,0.3677743673324585,0.0002,-25.95645809173584,144,300.0,0.16160175204277039,-0.12440025806427002,0.375
299008,3822,146,78,0.056022797245532274,235.48154922,0.04166716895997524,0.2,0.08307665,0.36777418851852417,0.0002,-25.956298828125,145,300.0,0.13080157339572906,0.2597211003303528,0.3671875
301056,3821,147,78,0.056782437954097986,236.21680965,0.03460541181266308,0.2,0.05305451,0.3677738606929779,0.0002,-25.95626163482666,146,300.0,0.12990927696228027,0.058720946311950684,0.3232421875
303104,3818,148,79,0.0877348615322262,236.06243093999998,0.039741579443216324,0.2,0.13235524,0.36777248978614807,0.0002,-25.95611572265625,147,300.0,0.1923941969871521,0.15578150749206543,0.3720703125
305152,3816,149,79,0.06853210553526878,235.41573898,0.029382051900029182,0.2,0.12867182,0.36777156591415405,0.0002,-25.95591926574707,148,300.0,0.14836859703063965,0.2456502914428711,0.3720703125
307200,3816,150,80,0.07082443684339523,235.21750279000003,0.025868169963359833,0.2,0.107491344,0.3677697479724884,0.0002,-25.9556884765625,149,300.0,0.1539524793624878,0.025936603546142578,0.2998046875
309248,3815,151,81,0.11747298389673233,235.21750279000003,0.024607722647488117,0.2,0.21244033,0.36776745319366455,0.0002,-25.955337524414062,150,300.0,0.2466510534286499,-0.06174767017364502,0.388671875
311296,3813,152,81,0.15866378881037235,235.92830023000002,0.03265458904206753,0.2,0.38073134,0.36776620149612427,0.0002,-25.955042839050293,151,300.0,0.3322997987270355,-0.0009248256683349609,0.421875
313344,3814,153,82,0.15265063056722283,236.25932266000004,0.023564187809824944,0.2,0.30353156,0.36776554584503174,0.0002,-25.954888343811035,152,300.0,0.31590038537979126,0.10141140222549438,0.4267578125
315392,3813,154,82,0.06189103377982974,237.03664205000004,0.017546705901622772,0.2,0.110200256,0.3677648901939392,0.0002,-25.9547758102417,153,300.0,0.13171744346618652,0.3218880891799927,0.3759765625
317440,3812,155,83,0.11210470926016569,236.1411551,0.025533354841172695,0.2,0.15352896,0.36776435375213623,0.0002,-25.954670906066895,154,300.0,0.23534634709358215,0.2480301856994629,0.3984375
319488,3812,156,83,0.14550879318267107,236.53626433999997,0.020792645402252674,0.2,0.3788321,0.3677627444267273,0.0002,-25.954487800598145,155,300.0,0.3008331060409546,0.12499034404754639,0.4365234375
321536,3812,157,84,0.06214353023096919,236.53626433999997,0.019939390011131763,0.2,0.12603852,0.3677622973918915,0.0002,-25.954318046569824,156,300.0,0.1339886635541916,0.2766261696815491,0.2919921875
323584,3812,158,84,0.06472376734018326,236.71009225999995,0.030441155657172203,0.2,0.07764033,0.3677617311477661,0.0002,-25.95423412322998,157,300.0,0.14403383433818817,-0.19160974025726318,0.3017578125
325632,3812,159,85,0.0790204769000411,236.01699921999992,0.031082244589924812,0.2,0.17936651,0.36776086688041687,0.0002,-25.95411205291748,158,300.0,0.1723930984735489,0.03694182634353638,0.3173828125
327680,3813,160,85,0.03635958069935441,235.91612941999995,0.02642571832984686,0.2,0.06128741,0.3677605986595154,0.0002,-25.954012870788574,159,300.0,0.08568304032087326,-0.06353354454040527,0.30078125
329728,3812,161,86,0.03579419758170843,234.38376723000002,0.0301727382466197,0.2,0.062246773,0.367759644985199,0.0002,-25.95390796661377,160,300.0,0.0866527259349823,0.16032415628433228,0.2646484375
331776,3804,162,87,0.04493475674341122,235.44696256999998,0.03367359315355619,0.2,0.05860418,0.36775973439216614,0.0002,-25.95385487874349,161,300.0,0.14342239499092102,0.23696857690811157,0.251953125
333824,3804,163,87,0.018191501731052995,236.36441602000002,0.03377147205173969,0.2,0.028140087,0.3677597641944885,0.0002,-25.953852653503418,162,300.0,0.05329679697751999,0.15878021717071533,0.251953125
335872,3804,164,88,0.0828072652220726,236.36441602000002,0.036894284188747406,0.2,0.18610494,0.36775943636894226,0.0002,-25.953824996948242,163,300.0,0.18229341506958008,-0.015076875686645508,0.3525390625
337920,3802,165,88,0.031239534728229046,236.21017036,0.04621434770524502,0.2,0.068496384,0.36775919795036316,0.0002,-25.953779220581055,164,300.0,0.08283419907093048,-0.1010967493057251,0.3095703125
339968,3804,166,89,0.04462497867643833,235.80053613999996,0.045065078884363174,0.2,0.08649331,0.3677602708339691,0.0002,-25.953845024108887,165,300.0,0.11088036000728607,-0.14999747276306152,0.2705078125
342016,3799,167,90,0.04128077315787474,235.96648319,0.03486385879417261,0.2,0.046975132,0.3677615821361542,0.0002,-25.95404116312663,166,300.0,0.12625978887081146,0.19858133792877197,0.279296875
344064,3799,168,90,0.16848169080913067,235.68645981,0.035078179091215134,0.2,0.3461928,0.36776265501976013,0.0002,-25.954246520996094,167,300.0,0.3528420627117157,0.1342422366142273,0.435546875
346112,3801,169,91,0.21054105646908283,236.35415766999998,0.027071641758084297,0.2,0.6027594,0.3677646517753601,0.0002,-25.954505920410156,168,300.0,0.4330812394618988,0.23456579446792603,0.4580078125
348160,3802,170,91,0.09613107796758413,235.52922777,0.028158281929790974,0.2,0.21891046,0.3677654266357422,0.0002,-25.95473861694336,169,300.0,0.20395596325397491,0.21318751573562622,0.3818359375
350208,3802,171,92,0.13003419479355216,235.52922777,0.03365541249513626,0.2,0.42468986,0.36776745319366455,0.0002,-25.95497226715088,170,300.0,0.2758110463619232,0.06356936693191528,0.435546875
352256,3802,172,92,0.1441862592473626,234.83512690999999,0.02874627150595188,0.2,0.48783875,0.3677709102630615,0.0002,-25.95543098449707,171,300.0,0.3017731308937073,0.006979942321777344,0.44140625
354304,3804,173,93,0.09235403407365084,235.78258671,0.02455566544085741,0.2,0.15572089,0.367775559425354,0.0002,-25.9561128616333,172,300.0,0.1948356330394745,0.0478973388671875,0.3994140625
356352,3804,174,93,0.009837298654019833,236.36506506999999,0.021072030998766422,0.2,0.038647085,0.36777934432029724,0.0002,-25.956825256347656,173,300.0,0.028225582093000412,0.24230951070785522,0.2744140625
358400,3804,175,94,0.04001795873045921,236.59266638,0.02580481395125389,0.2,0.072411425,0.3677828907966614,0.0002,-25.957443237304688,174,300.0,0.09181264042854309,0.17780739068984985,0.22265625
360448,3806,176,94,0.06544640753418207,237.77086644,0.02309640683233738,0.2,0.123406604,0.36778581142425537,0.0002,-25.957992553710938,175,300.0,0.14090925455093384,0.2547023296356201,0.2451171875
362496,3806,177,95,0.048988969065248966,236.8343338,0.016030268277972937,0.2,0.083452985,0.3677886128425598,0.0002,-25.958476066589355,176,300.0,0.10505897551774979,0.23242688179016113,0.3232421875
364544,3806,178,95,0.08539464394561946,236.8343338,0.01703326404094696,0.2,0.22822328,0.3677915930747986,0.0002,-25.958953857421875,177,300.0,0.17878559231758118,0.25783026218414307,0.3837890625
366592,3807,179,96,0.031241134274750948,237.61431624,0.016005660872906446,0.2,0.070562735,0.36779484152793884,0.0002,-25.959474563598633,178,300.0,0.06966497004032135,0.3016568422317505,0.291015625
368640,3807,180,96,0.07304537575691938,236.82084128000002,0.027912884950637817,0.2,0.14110431,0.3677971065044403,0.0002,-25.95994281768799,179,300.0,0.16017013788223267,0.20932668447494507,0.3720703125
370688,3803,181,97,0.03057265654206276,236.2958982,0.02284676892062028,0.2,0.03470722,0.36780044436454773,0.0002,-25.960416158040363,180,300.0,0.0846329778432846,0.18288058042526245,0.3033854166666667
372736,3804,182,97,0.10509270150214434,235.57664989999998,0.02284982893615961,0.2,0.17137891,0.3678007423877716,0.0002,-25.960719108581543,181,300.0,0.22028036415576935,0.32475727796554565,0.404296875
374784,3804,183,98,0.021237527951598167,234.84065652,0.028606075793504715,0.2,0.028953603,0.3678010404109955,0.0002,-25.960769653320312,182,300.0,0.05461638420820236,0.29719096422195435,0.2392578125
376832,3804,184,99,0.025802351534366608,233.40888827999999,0.023334139958024025,0.2,0.053977516,0.36780259013175964,0.0002,-25.96091938018799,183,300.0,0.061922214925289154,0.03333836793899536,0.3037109375
378880,3805,185,99,0.024394119158387184,233.40888827999999,0.02633300144225359,0.2,0.033630405,0.3678041398525238,0.0002,-25.96117877960205,184,300.0,0.06135887652635574,0.09970247745513916,0.279296875
380928,3807,186,100,0.030372655484825373,233.45065043000002,0.028264285996556282,0.2,0.041600954,0.36780425906181335,0.0002,-25.961310386657715,185,300.0,0.07528172433376312,-0.07874178886413574,0.2890625
382976,3807,187,100,0.03616118896752596,234.2387516,0.024309897795319557,0.2,0.060082123,0.36780717968940735,0.0002,-25.961567878723145,186,300.0,0.0835101380944252,0.5266479253768921,0.3486328125
385024,3805,188,101,0.01866902969777584,234.85981915000005,0.022672834806144238,0.2,0.03797505,0.3678091764450073,0.0002,-25.96198558807373,187,300.0,0.04722520709037781,0.10603278875350952,0.2412109375
387072,3807,189,101,0.04744648979976773,233.88391577999994,0.026027698069810867,0.2,0.0694971,0.3678114414215088,0.0002,-25.9623384475708,188,300.0,0.10705433040857315,0.12208902835845947,0.298828125
389120,3807,190,102,0.04771014396101236,233.89957259,0.017360012512654066,0.2,0.0798025,0.3678131103515625,0.0002,-25.962663650512695,189,300.0,0.10205413401126862,0.3063725233078003,0.244140625
391168,3808,191,102,0.0834308541379869,233.89957259,0.02235264703631401,0.2,0.15770404,0.36781391501426697,0.0002,-25.962870597839355,190,300.0,0.17754875123500824,-0.14939236640930176,0.3603515625
393216,3809,192,103,0.027186424238607287,232.98332774999994,0.023971958085894585,0.2,0.020853773,0.3678155541419983,0.0002,-25.96307945251465,191,300.0,0.06666585057973862,0.27107495069503784,0.150390625
395264,3809,193,103,0.0904466612264514,232.63017120999996,0.02700772788375616,0.2,0.15289676,0.3678165078163147,0.0002,-25.963297843933105,192,300.0,0.19540691375732422,0.26084059476852417,0.3994140625
397312,3809,194,104,0.02899927645921707,232.20933385000004,0.01894471049308777,0.2,0.03563843,0.3678170442581177,0.0002,-25.963419914245605,193,300.0,0.06729050725698471,0.13878518342971802,0.1943359375
399360,3808,195,104,0.044886298943310976,232.98436159999997,0.01940748654305935,0.2,0.08625069,0.3678176701068878,0.0002,-25.963513374328613,194,300.0,0.09973262250423431,0.1070968508720398,0.3046875
401408,3809,196,105,0.029031322337687016,233.17816687,0.020324802957475185,0.2,0.054634526,0.36781826615333557,0.0002,-25.96361255645752,195,300.0,0.06825072318315506,0.2229008674621582,0.2626953125
